"","POSITION","EHH_A","EHH_D1","EHH_D2","EHH_D3","NHAPLO_A","NHAPLO_D1","NHAPLO_D2","NHAPLO_D3"
"chr8:1344508:T:A",1344508,0.283996299722479,0,0.381818181818182,0.967741935483871,47,0,11,62
"chr8:1344521:T:C",1344521,0.283996299722479,0,0.381818181818182,0.967741935483871,47,0,11,62
"chr8:1344529:A:T",1344529,0.283996299722479,0,0.381818181818182,0.967741935483871,47,0,11,62
"chr8:1344569:T:C",1344569,0.283996299722479,0,0.381818181818182,0.967741935483871,47,0,11,62
"chr8:1344634:C:T",1344634,0.283996299722479,0,0.381818181818182,0.967741935483871,47,0,11,62
"chr8:1344735:A:T",1344735,0.275709219858156,0,0.381818181818182,0.967741935483871,48,0,11,62
"chr8:1344737:G:C",1344737,0.275709219858156,0,0.381818181818182,0.967741935483871,48,0,11,62
"chr8:1344779:T:C",1344779,0.275709219858156,0,0.381818181818182,0.967741935483871,48,0,11,62
"chr8:1345037:T:C",1345037,0.275709219858156,0,0.381818181818182,0.967741935483871,48,0,11,62
"chr8:1345065:A:T",1345065,0.275709219858156,0,0.381818181818182,0.967741935483871,48,0,11,62
"chr8:1345085:T:C",1345085,0.275709219858156,0,0.381818181818182,0.967741935483871,48,15,11,62
"chr8:1345087:C:T",1345087,0.256326530612245,0.0588235294117647,0.3,0.967741935483871,50,18,16,62
"chr8:1345148:A:C",1345148,0.256326530612245,0.0947368421052632,0.361904761904762,0.967741935483871,50,20,21,62
"chr8:1353461:C:G",1353461,0.256326530612245,0.0947368421052632,0.361904761904762,0.967741935483871,50,20,21,62
"chr8:1353979:A:C",1353979,0.256326530612245,0.0947368421052632,0.361904761904762,0.968253968253968,50,20,21,63
"chr8:1358622:T:A",1358622,0.256326530612245,0.0947368421052632,0.361904761904762,0.968253968253968,50,20,21,63
"chr8:1358953:G:A",1358953,0.256326530612245,0.0947368421052632,0.361904761904762,0.968253968253968,50,20,21,63
"chr8:1358971:A:G",1358971,0.256326530612245,0.0947368421052632,0.361904761904762,0.968253968253968,50,20,21,63
"chr8:1359737:C:A",1359737,0.256326530612245,0.0904761904761905,0.361904761904762,0.96875,50,21,21,64
"chr8:1360101:G:T",1360101,0.256326530612245,0.0904761904761905,0.361904761904762,0.96875,50,21,21,64
"chr8:1360236:T:A",1360236,0.256326530612245,0.0904761904761905,0.361904761904762,0.96875,50,21,21,64
"chr8:1360603:A:C",1360603,0.256326530612245,0.0904761904761905,0.361904761904762,0.969230769230769,50,21,21,65
"chr8:1360635:T:C",1360635,0.256326530612245,0.0904761904761905,0.361904761904762,0.969230769230769,50,21,21,65
"chr8:1361801:A:G",1361801,0.320802005012531,0.0904761904761905,0.359307359307359,0.970588235294118,57,21,22,68
"chr8:1362692:C:A",1362692,0.320802005012531,0.0904761904761905,0.359307359307359,0.970588235294118,57,21,22,68
"chr8:1362713:A:C",1362713,0.320802005012531,0.0904761904761905,0.359307359307359,0.970588235294118,57,21,22,68
"chr8:1362722:A:G",1362722,0.320802005012531,0.0904761904761905,0.359307359307359,0.970588235294118,57,21,22,68
"chr8:1362723:G:A",1362723,0.320802005012531,0.0904761904761905,0.359307359307359,0.970588235294118,57,21,22,68
"chr8:1362725:A:T",1362725,0.320802005012531,0.0904761904761905,0.359307359307359,0.970588235294118,57,21,22,68
"chr8:1362726:C:A",1362726,0.320802005012531,0.0904761904761905,0.359307359307359,0.970588235294118,57,21,22,68
"chr8:1362728:T:A",1362728,0.320802005012531,0.0904761904761905,0.359307359307359,0.971830985915493,57,21,22,71
"chr8:1362732:T:C",1362732,0.320802005012531,0.0904761904761905,0.359307359307359,0.971830985915493,57,21,22,71
"chr8:1362734:G:A",1362734,0.320802005012531,0.0904761904761905,0.359307359307359,0.971830985915493,57,21,22,71
"chr8:1362735:A:C",1362735,0.320802005012531,0.0904761904761905,0.359307359307359,0.971830985915493,57,21,22,71
"chr8:1362736:T:G",1362736,0.320802005012531,0.11231884057971,0.371541501976285,0.971830985915493,57,24,23,71
"chr8:1362737:C:T",1362737,0.320802005012531,0.11,0.371541501976285,0.971830985915493,57,25,23,71
"chr8:1362738:A:T",1362738,0.320802005012531,0.11,0.371541501976285,0.971830985915493,57,25,23,71
"chr8:1362740:A:T",1362740,0.320802005012531,0.11,0.371541501976285,0.971830985915493,57,25,23,71
"chr8:1362744:G:A",1362744,0.320802005012531,0.11,0.371541501976285,0.971830985915493,57,25,23,71
"chr8:1362745:T:A",1362745,0.320802005012531,0.11,0.384057971014493,0.971830985915493,57,25,24,71
"chr8:1362746:G:A",1362746,0.320802005012531,0.11,0.384057971014493,0.971830985915493,57,25,24,71
"chr8:1362747:G:C",1362747,0.320802005012531,0.11,0.384057971014493,0.971830985915493,57,25,24,71
"chr8:1362748:A:T",1362748,0.320802005012531,0.11,0.384057971014493,0.971830985915493,57,25,24,71
"chr8:1362749:G:A",1362749,0.320802005012531,0.11,0.384057971014493,0.971830985915493,57,25,24,71
"chr8:1362750:G:A",1362750,0.320802005012531,0.11,0.384057971014493,0.971830985915493,57,25,24,71
"chr8:1362751:C:T",1362751,0.320802005012531,0.11,0.384057971014493,0.971830985915493,57,25,24,71
"chr8:1362752:A:C",1362752,0.320802005012531,0.11,0.384057971014493,0.971830985915493,57,25,24,71
"chr8:1362763:T:A",1362763,0.320802005012531,0.11,0.396666666666667,0.971830985915493,57,25,25,71
"chr8:1362766:A:T",1362766,0.310344827586207,0.11,0.396666666666667,0.971830985915493,58,25,25,71
"chr8:1362777:T:G",1362777,0.310949788263763,0.11,0.396666666666667,0.971830985915493,58,25,25,71
"chr8:1362784:G:C",1362784,0.312159709618875,0.11,0.369230769230769,0.971830985915493,58,25,26,71
"chr8:1362785:G:A",1362785,0.312159709618875,0.11,0.369230769230769,0.971830985915493,58,25,26,71
"chr8:1362787:T:C",1362787,0.312159709618875,0.11,0.369230769230769,0.971830985915493,58,25,26,71
"chr8:1362790:C:T",1362790,0.312159709618875,0.11,0.369230769230769,0.971830985915493,58,25,26,71
"chr8:1362798:A:T",1362798,0.302162478082992,0.11,0.369230769230769,0.971830985915493,59,25,26,71
"chr8:1362898:A:C",1362898,0.302162478082992,0.11,0.369230769230769,0.972222222222222,59,25,26,72
"chr8:1362924:C:T",1362924,0.302162478082992,0.11,0.369230769230769,0.972222222222222,59,25,26,72
"chr8:1362947:G:A",1362947,0.302162478082992,0.11,0.369230769230769,0.972222222222222,59,25,26,72
"chr8:1362956:C:A",1362956,0.302162478082992,0.11,0.369230769230769,0.972222222222222,59,25,26,72
"chr8:1362959:C:A",1362959,0.302162478082992,0.11,0.369230769230769,0.972222222222222,59,25,26,72
"chr8:1362995:A:G",1362995,0.310169491525424,0.11,0.369230769230769,0.972602739726027,60,25,26,73
"chr8:1362996:G:A",1362996,0.310169491525424,0.11,0.369230769230769,0.972602739726027,60,25,26,73
"chr8:1363007:A:T",1363007,0.310169491525424,0.12,0.369230769230769,0.972602739726027,60,26,26,73
"chr8:1363027:C:T",1363027,0.310169491525424,0.12,0.369230769230769,0.972602739726027,60,26,26,73
"chr8:1363048:C:T",1363048,0.310169491525424,0.12,0.369230769230769,0.972602739726027,60,26,26,73
"chr8:1363110:G:A",1363110,0.310169491525424,0.12,0.369230769230769,0.972602739726027,60,26,26,73
"chr8:1363145:C:T",1363145,0.310169491525424,0.12,0.369230769230769,0.972602739726027,60,26,26,73
"chr8:1363159:T:C",1363159,0.310169491525424,0.12,0.369230769230769,0.972602739726027,60,26,26,73
"chr8:1363160:G:C",1363160,0.310169491525424,0.12,0.369230769230769,0.972602739726027,60,26,26,73
"chr8:1363211:G:T",1363211,0.310169491525424,0.126153846153846,0.369230769230769,0.972602739726027,60,26,26,73
"chr8:1363213:T:C",1363213,0.310169491525424,0.126153846153846,0.369230769230769,0.972602739726027,60,26,26,73
"chr8:1363220:A:G",1363220,0.310169491525424,0.126153846153846,0.369230769230769,0.972602739726027,60,26,26,73
"chr8:1363222:A:T",1363222,0.310169491525424,0.126153846153846,0.369230769230769,0.972602739726027,60,26,26,73
"chr8:1363235:G:A",1363235,0.310169491525424,0.126153846153846,0.369230769230769,0.972602739726027,60,26,26,73
"chr8:1363249:A:T",1363249,0.310169491525424,0.126153846153846,0.369230769230769,0.972602739726027,60,26,26,73
"chr8:1363303:T:C",1363303,0.310169491525424,0.126153846153846,0.369230769230769,0.972602739726027,60,26,26,73
"chr8:1363339:T:C",1363339,0.310169491525424,0.126153846153846,0.369230769230769,0.972602739726027,60,26,26,73
"chr8:1363341:A:T",1363341,0.310169491525424,0.126153846153846,0.369230769230769,0.972602739726027,60,26,26,73
"chr8:1363472:A:G",1363472,0.318032786885246,0.175384615384615,0.455384615384615,0.972602739726027,61,26,26,73
"chr8:1363485:C:T",1363485,0.318032786885246,0.175384615384615,0.455384615384615,0.972602739726027,61,26,26,73
"chr8:1363510:A:G",1363510,0.318579234972678,0.175384615384615,0.455384615384615,0.972602739726027,61,26,26,73
"chr8:1363532:A:G",1363532,0.318579234972678,0.175384615384615,0.455384615384615,0.972602739726027,61,26,26,73
"chr8:1363564:T:C",1363564,0.319672131147541,0.175384615384615,0.455384615384615,0.972602739726027,61,26,26,73
"chr8:1365677:A:G",1365677,0.327868852459016,0.224615384615385,0.467236467236467,0.972602739726027,61,26,27,73
"chr8:1366783:G:T",1366783,0.327868852459016,0.224615384615385,0.467236467236467,0.972602739726027,61,26,27,73
"chr8:1367104:C:T",1367104,0.428344791115812,0.224615384615385,0.854700854700855,0.972602739726027,62,26,27,73
"chr8:1367539:T:A",1367539,0.535166578529878,0.224615384615385,0.854700854700855,0.972602739726027,62,26,27,73
"chr8:1367546:G:A",1367546,0.609201480698043,0.255384615384615,0.854700854700855,0.972602739726027,62,26,27,73
"chr8:1367595:T:A",1367595,0.614654002713704,0.26984126984127,0.864532019704433,0.972972972972973,67,28,29,74
"chr8:1372081:G:T",1372081,0.593300029385836,0.303448275862069,0.884135472370767,0.977011494252874,83,30,34,87
"chr8:1372401:T:G",1372401,0.702917771883289,0.665317139001349,0.954545454545455,0.94003787081843,117,39,44,98
"hrp2_deletion",1372500,1,1,1,1,121,45,46,115
